Alignment data for spindle and bar,,,,,,,,,,,,,
file,bar_axis_x,bar_axis_y,bar_axis_z,spindle_axis_x,spindle_axis_y,spindle_axis_z,bar_toe,bar_camber,spindle_toe,spindle_camber,relative_toe,relative_camber,total_misalign
3D Simulation\SimScans\CrankArm45up_10_dogroll.txt,0.9999999999961764,-7.78879144153814e-10,5.464946232935132e-09,0.9789938827495442,0.1522376191729706,-0.1356270063354539,4.4626489170696e-08,-3.131183632376633e-07,-8.838939235259986,7.887389080300707,8.838939286472737,-7.8873893943623585,11.764506482208086
3D Simulation\SimScans\CrankArm45up_10_dogroll.txt,0.9999999999961764,-7.78879144153814e-10,5.464946232935132e-09,0.9848336715719318,0.1224855155598883,-0.1228818042517957,4.4626489170696e-08,-3.131183632376633e-07,-7.089572950203561,7.112275969084607,7.089572999615129,-7.112276282884878,9.991444717759276
3D Simulation\SimScans\CrankArm45up_10_dogroll.txt,0.9999999999961764,-7.78879144153814e-10,5.464946232935132e-09,0.9848336715719318,0.1224855155598883,-0.1228818042517957,4.4626489170696e-08,-3.131183632376633e-07,-7.089572950203561,7.112275969084607,7.089572999615129,-7.112276282884878,9.991444717759276
3D Simulation\SimScans\CrankArm45up_10_dogroll.txt,0.9999999999961765,-7.78879144153814e-10,5.464946232935132e-09,0.9848082645803761,0.1227833814600377,-0.1227881234135726,4.4626489170696004e-08,-3.131183632376633e-07,-7.106819094940718,7.107090757033063,7.106819144360159,-7.107091070834514,9.999831457980822
avg,0.9999999999961764,-7.78879144153814e-10,5.464946232935132e-09,0.983367372618446,0.12999800793819621,-0.12604468456315449,4.4626489170696e-08,-3.131183632376633e-07,-7.531226057651956,7.304757943875746,7.5312261075157885,-7.304758257741657,10.436806843926865
stddev,6.409875621278546e-17,0.0,0.0,0.0029156845120444767,0.014827072385353286,0.006388367156971377,3.82058359460744e-24,0.0,0.8718466913253949,0.38842844863420917,0.8718466922246699,0.3884284487646966,0.8851419216268486
